[{
  "_id": "whiskeyglasses-morganwallen",
  "title": "Whiskey Glasses",
  "artist": "Morgan Wallen",
  "album": "If I Know Me",
  "duration": "3:54",
  "link": "https://open.spotify.com/track/57TEkZN3f84tFJFHFrD4pO?si=293d0436b3014d17",
  "imgSrc": "https://via.placeholder.com/100",
  "isDeleted": false,
  "ownerId": [
    "jarjar.binks@gmail.com"
  ]
},
{
  "_id": "change-djo",
  "title": "Change",
  "artist": "Djo",
  "album": "Decide",
  "duration": "2:58",
  "link": "https://open.spotify.com/track/1yQkAv4xtapCBCzI8q1QGF?si=5e2ce0de676240f8",
  "imgSrc": "https://via.placeholder.com/100",
  "isDeleted": false,
  "ownerId": [
    "jarjar.binks@gmail.com",
    "admin@g.c",
    "boba.fett@gmail.com"
  ]
},
{
  "_id": "nexttoyou-theyoungman",
  "title": "Next To You",
  "artist": "The Young Man",
  "album": "Chapter",
  "duration": "3:45",
  "link": "https://open.spotify.com/track/5AwaFiNGd3tZmXMIBzJB66?si=131107c8f58244f8",
  "imgSrc": "https://via.placeholder.com/100",
  "isDeleted": false,
  "ownerId": [
    "mich.law@gmail.com",
    "boba.fett@gmail.com"
  ]
},
{
  "_id": "mr.loverman-rickymontgomery",
  "title": "Mr.Loverman",
  "artist": "Ricky Montgomery",
  "album": "Montgomery Ricky ",
  "duration": "3:36",
  "link": "https://open.spotify.com/track/2IVsRhKrx8hlQBOWy4qebo?si=584fadcfae62446e",
  "imgSrc": "https://via.placeholder.com/100",
  "isDeleted": false,
  "ownerId": [
    "admin@g.c",
    "jarjar.binks@gmail.com",
    "boba.fett@gmail.com"
  ]
},
{
  "_id": "bedchem-sabrinacarpenter",
  "title": "Bed Chem",
  "artist": "Sabrina Carpenter",
  "album": "Short n' Sweet",
  "duration": "2:52",
  "link": "https://open.spotify.com/track/1UHS8Rf6h5Ar3CDWRd3wjF?si=cbdf5b5e65c240cf",
  "imgSrc": "https://via.placeholder.com/100",
  "isDeleted": false,
  "ownerId": [
    "mich.law@gmail.com"
  ]
},
{
  "_id": "celebrate-themoss",
  "title": "Celebrate",
  "artist": "The Moss",
  "album": "Bryology",
  "duration": "5:19",
  "link": "https://open.spotify.com/track/2Rjwv4Xf3Z3Y8Wva6z4U7l?si=9ebef70325e148fb",
  "imgSrc": "https://via.placeholder.com/100",
  "isDeleted": false,
  "ownerId": [
    "boba.fett@gmail.com"
  ]
},
{
  "_id": "comfort,texas-buppy.",
  "title": "comfort, texas",
  "artist": "Buppy.",
  "album": "comfort, texas",
  "duration": "2:11",
  "link": "https://open.spotify.com/track/5G4dllapO3PVyuIy2XYZQG?si=a2a0e1bf8eaa4784",
  "imgSrc": "https://via.placeholder.com/100",
  "isDeleted": false,
  "ownerId": [
    "boba.fett@gmail.com"
  ]
},
{
  "_id": "latenightwalks-teddyvogel",
  "title": "Late Night Walks",
  "artist": "Teddy Vogel",
  "album": "Late Night Walks",
  "duration": "3:21",
  "link": "https://open.spotify.com/track/6aNhdTO95TOWpkdunBJPFK?si=7a6933234256498d",
  "imgSrc": "https://via.placeholder.com/100",
  "isDeleted": false,
  "ownerId": [
    "boba.fett@gmail.com"
  ]
},
{
  "_id": "wakeup-kowloon",
  "title": "Wake Up",
  "artist": "Kowloon",
  "album": "Come Over",
  "duration": "3:59",
  "link": "https://open.spotify.com/track/4xwmYMilHBbSLJs0toC0dh?si=65bf446ed6bf4f36",
  "imgSrc": "https://via.placeholder.com/100",
  "isDeleted": false,
  "ownerId": [
    "boba.fett@gmail.com"
  ]
},
{
  "_id": "stay-thehails",
  "title": "Stay ",
  "artist": "The Hails",
  "album": "What's Your Motive (Deluxe)",
  "duration": "2:39",
  "link": "https://open.spotify.com/track/4ABxROGzabee4HvqzH8sSn?si=1feed8e94a4c4e24",
  "imgSrc": "https://via.placeholder.com/100",
  "isDeleted": false,
  "ownerId": [
    "boba.fett@gmail.com"
  ]
},
{
  "_id": "gloom-djo",
  "title": "Gloom",
  "artist": "Djo",
  "album": "DECIDE",
  "duration": "2:01",
  "link": "https://open.spotify.com/track/6L8JVXMBLDZeyhBKr0lrj8?si=cf34b32f88224a4f",
  "imgSrc": "https://via.placeholder.com/100",
  "isDeleted": false,
  "ownerId": [
    "boba.fett@gmail.com"
  ]
},
{
  "_id": "justaboy-thebackseatlovers",
  "title": "Just a Boy",
  "artist": "The Backseat Lovers",
  "album": "Just a Boy",
  "duration": "4:11",
  "link": "https://open.spotify.com/track/1jRUUth3iAmmlSFA174YxZ?si=60d16368e3374eeb",
  "imgSrc": "https://via.placeholder.com/100",
  "isDeleted": false,
  "ownerId": [
    "boba.fett@gmail.com"
  ]
},
{
  "_id": "tv-hoax",
  "title": "TV",
  "artist": "HOAX",
  "album": "The Truth and Other Lies",
  "duration": "1:00",
  "link": "https://open.spotify.com/track/1zb56rKn80M1YnVYybAam7?si=1a30ff6197664a30",
  "imgSrc": "https://via.placeholder.com/100",
  "isDeleted": false,
  "ownerId": [
    "boba.fett@gmail.com"
  ]
},
{
  "_id": "fantasy-thedriverera",
  "title": "Fantasy",
  "artist": "THE DRIVER ERA",
  "album": "Summer Mixtape",
  "duration": "3:20",
  "link": "https://open.spotify.com/track/0fsLKOgAGtz3N8nlf4VwKd?si=3da60779c0604df5",
  "imgSrc": "https://via.placeholder.com/100",
  "isDeleted": false,
  "ownerId": [
    "boba.fett@gmail.com"
  ]
}]